{
  "baseline": {
    "per_channel_db": [
      3.9773294290740258,
      4.863418319566003,
      3.48551206741669,
      3.7449751197158854
    ],
    "average_db": 4.017808733943151
  },
  "yours": {
    "per_channel_db": [
      12.800304721412743,
      11.315005774515951,
      9.181464669905548,
      13.332813348639558
    ],
    "average_db": 11.657397128618452
  }
}